﻿<?xml version="1.0" encoding="UTF-8" standalone="yes"?>
<addon id="repository.cinesky.kodi" name="cinesky repo" version="0.0.2" provider-name="jhunata">
	<extension point="xbmc.addon.repository" name="cinesky">
		<info compressed="false">http://raw.github.com/jhonata192/cinesky/master/addons.xml</info>
		<checksum>http://raw.github.com/jhonata192/cinesky/master/addons.xml.md5</checksum>
		<datadir zip="true">http://raw.github.com/jhonata192/cinesky/master/repo</datadir>
	</extension>
	<extension point="xbmc.addon.metadata">
		<summary>loja oficial</summary>
		<description>aplicativos cinesky</description>
		<disclaimer></disclaimer>
		<platform>all</platform>
	</extension>
</addon>